year,preset_demand
2.01000000000000E+03,4.92500000000000E+05
2.01100000000000E+03,4.70640000000000E+05
2.01200000000000E+03,4.09920000000000E+05