{"nl":{"costs_gas":18.25,"costs_oil":45.19974076741209,"costs_coal":83.50712518132947,"costs_biomass":134.8749893335609,"costs_co2":7.8,"costs_uranium":69.10000000000218},"de":{"costs_gas":18.25,"costs_oil":45.19974076741209,"costs_coal":83.50712518132947,"costs_biomass":134.8749893335609,"costs_co2":5.0,"costs_uranium":69.10000000000218},"es":{"costs_gas":18.25,"costs_oil":45.19974076741209,"costs_coal":83.50712518132947,"costs_biomass":134.8749893335609,"costs_co2":5.0,"costs_uranium":69.10000000000218},"uk":{"costs_gas":18.25,"costs_oil":45.19974076741209,"costs_coal":83.50712518132947,"costs_biomass":134.8749893335609,"costs_co2":5.0,"costs_uranium":69.10000000000218},"fr":{"costs_gas":18.25,"costs_oil":45.19974076741209,"costs_coal":83.50712518132947,"costs_biomass":134.8749893335609,"costs_co2":5.0,"costs_uranium":69.10000000000218},"pl":{"costs_gas":18.25,"costs_oil":45.19974076741209,"costs_coal":83.50712518132947,"costs_biomass":134.8749893335609,"costs_co2":5.0,"costs_uranium":69.10000000000218},"eu":{"costs_gas":18.25,"costs_oil":45.19974076741209,"costs_coal":83.50712518132947,"costs_biomass":134.8749893335609,"costs_co2":5.0,"costs_uranium":69.10000000000218},"nl2012":{"costs_gas":18.25,"costs_oil":45.19974076741209,"costs_coal":83.50712518132947,"costs_biomass":134.8749893335609,"costs_co2":7.92,"costs_uranium":69.10000000000218},"be":{"costs_gas":18.25,"costs_oil":45.19974076741209,"costs_coal":83.50712518132947,"costs_biomass":134.8749893335609,"costs_co2":5.0,"costs_uranium":69.10000000000218},"drenthe":{"costs_gas":18.25,"costs_oil":45.19974076741209,"costs_coal":83.50712518132947,"costs_biomass":134.8749893335609,"costs_co2":5.0,"costs_uranium":69.10000000000218},"noorderplantsoen":{"costs_gas":18.25,"costs_oil":45.19974076741209,"costs_coal":83.50712518132947,"costs_biomass":134.8749893335609,"costs_co2":5.0,"costs_uranium":69.10000000000218},"de_biezen":{"costs_gas":18.25,"costs_oil":45.19974076741209,"costs_coal":83.50712518132947,"costs_biomass":134.8749893335609,"costs_co2":5.0,"costs_uranium":69.10000000000218},"paddepoel_noord":{"costs_gas":18.25,"costs_oil":45.19974076741209,"costs_coal":83.50712518132947,"costs_biomass":134.8749893335609,"costs_co2":5.0,"costs_uranium":69.10000000000218},"groningen":{"costs_gas":18.25,"costs_oil":45.19974076741209,"costs_coal":83.50712518132947,"costs_biomass":134.8749893335609,"costs_co2":5.0,"costs_uranium":69.10000000000218},"friesland":{"costs_gas":18.25,"costs_oil":45.19974076741209,"costs_coal":83.50712518132947,"costs_biomass":134.8749893335609,"costs_co2":5.0,"costs_uranium":69.10000000000218},"flevoland":{"costs_gas":18.25,"costs_oil":45.19974076741209,"costs_coal":83.50712518132947,"costs_biomass":134.8749893335609,"costs_co2":5.0,"costs_uranium":69.10000000000218},"nl2013":{"costs_gas":18.25,"costs_oil":45.19974076741209,"costs_coal":83.50712518132947,"costs_biomass":134.8749893335609,"costs_co2":5.0,"costs_uranium":69.10000000000218},"gemeente_groningen":{"costs_gas":18.25,"costs_oil":45.19974076741209,"costs_coal":83.50712518132947,"costs_biomass":134.8749893335609,"costs_co2":7.8,"costs_uranium":69.10000000000218},"stedendriehoek":{"costs_gas":18.25,"costs_oil":45.19974076741209,"costs_coal":83.50712518132947,"costs_biomass":134.8749893335609,"costs_co2":7.8,"costs_uranium":69.10000000000218},"dronten":{"costs_gas":18.25,"costs_oil":45.19974076741209,"costs_coal":83.50712518132947,"costs_biomass":134.8749893335609,"costs_co2":7.8,"costs_uranium":69.10000000000218},"almere":{"costs_gas":18.25,"costs_oil":45.19974076741209,"costs_coal":83.50712518132947,"costs_biomass":134.8749893335609,"costs_co2":7.8,"costs_uranium":69.10000000000218},"zeewolde":{"costs_gas":18.25,"costs_oil":45.19974076741209,"costs_coal":83.50712518132947,"costs_biomass":134.8749893335609,"costs_co2":7.8,"costs_uranium":69.10000000000218},"almere_zeewolde":{"costs_gas":18.25,"costs_oil":45.19974076741209,"costs_coal":83.50712518132947,"costs_biomass":134.8749893335609,"costs_co2":7.8,"costs_uranium":69.10000000000218},"antwerpen":{"costs_gas":18.25,"costs_oil":45.19974076741209,"costs_coal":83.50712518132947,"costs_biomass":134.8749893335609,"costs_co2":5.0,"costs_uranium":69.10000000000218},"goes":{"costs_gas":18.25,"costs_oil":45.19974076741209,"costs_coal":83.50712518132947,"costs_biomass":134.8749893335609,"costs_co2":7.8,"costs_uranium":69.10000000000218},"br":{"costs_gas":18.25,"costs_oil":45.19974076741209,"costs_coal":83.50712518132947,"costs_biomass":134.8749893335609,"costs_co2":7.39,"costs_uranium":69.10000000000218},"baarland":{"costs_gas":18.25,"costs_oil":45.19974076741209,"costs_coal":83.50712518132947,"costs_biomass":134.8749893335609,"costs_co2":7.8,"costs_uranium":69.10000000000218},"lelystad":{"costs_gas":18.25,"costs_oil":45.19974076741209,"costs_coal":83.50712518132947,"costs_biomass":134.8749893335609,"costs_co2":7.8,"costs_uranium":69.10000000000218},"reitdiep":{"costs_gas":18.25,"costs_oil":45.19974076741209,"costs_coal":83.50712518132947,"costs_biomass":134.8749893335609,"costs_co2":7.8,"costs_uranium":69.10000000000218},"oostkapelle":{"costs_gas":18.25,"costs_oil":45.19974076741209,"costs_coal":83.50712518132947,"costs_biomass":134.8749893335609,"costs_co2":7.8,"costs_uranium":69.10000000000218},"s_heer_hendrikskinderen":{"costs_gas":18.25,"costs_oil":45.19974076741209,"costs_coal":83.50712518132947,"costs_biomass":134.8749893335609,"costs_co2":7.8,"costs_uranium":69.10000000000218},"zeeland":{"costs_gas":18.25,"costs_oil":45.19974076741209,"costs_coal":83.50712518132947,"costs_biomass":134.8749893335609,"costs_co2":7.8,"costs_uranium":69.10000000000218}}
